,variable,value
0,Union,203.88462348654943
1,Union,191.04098026543
2,Union,215.60488484841125
3,Separate,202.5556945220954
4,Separate,197.26127915065825
5,Separate,213.8862039229554
6,GPSA,203.7839541800456
7,GPSA,191.051723614191
8,GPSA,215.40499517077592
