,variable,value
0,Union,203.88462348654943
1,Union,191.04098026543
2,Separate,202.5556945220954
3,Separate,197.26127915065825
4,GPSA,203.7839541800456
5,GPSA,191.051723614191
