,variable,value
0,Union,0.49258335410435333
1,Union,0.4086781100900609
2,Separate,0.4589681091775793
3,Separate,0.3107575544798685
4,GPSA,0.467531638922791
5,GPSA,0.3993266882908764
