,variable,value
0,Union,9.512127429027107
1,Union,17.853273124944064
2,Separate,4.687084718543287
3,Separate,15.68555706974556
4,GPSA,1.7252230889094466
5,GPSA,3.4799816179217453
